Wayne Santiago,Male,527-6049 Amet St,Widowed,9/23/1980,mauris.non.dui@google.edu,1-285-877-5174
Tyler Adams,Male,"P.O. Box 407, 8197 Vulputate, St.",Married,9/9/1991,quisque.ornare.tortor@hotmail.ed,1-640-888-2553
Rockey Vest	,Female,60 Northfield Road,Cohabiting,12/05/1998,rvest0@instagram.com	,759-315-3188
Lionello Treneer,Female,19091 Toban Junction,Single,3/4/2016,ltreneer1@google.com.au,367-645-3414
Park Gianuzzi,Male,203 Sheridan Lane,Single,2/8/2015,pgianuzzi2@com.com,700-271-2910
Rowena Runnett,Female,87 Spohn Avenue,Divorce,12/27/1957,rrunnett0@hatena.ne.jp,(875) 7741533
Petra O'Hear,Female,1 Old Gate Parkway,Annuled,10/4/1967,pohear1@psu.edu,(399) 9094821
Boothe Korneev,Male,8 Mayer Place,Single,2/15/1995,bkorneev2@toplist.cz,(512) 5744236
Jaime Cuffley,Female,14 Holmberg Street,Single,5/10/2011,jcuffley3@wordpress.org,(587) 3781581
Dulsea Cicco,Female,88577 Springs Point,Cohabiting,1/15/1950,dcicco4@pinterest.com,(608) 5676659
Mireille Dodge,Female,6 Spaight Point,Separated,10/9/1995,mdodge5@mayoclinic.com,(239) 5913280
Rosette Parzizek,Female,6 Chive Crossing,Divorce,5/12/2010,rparzizek6@archive.org,(174) 6973028
Stepha Neeves,Female,265 Menomonie Parkway,Single,7/14/2014,sneeves7@mail.ru,(602) 5751632
Mehetabel Casbolt,Female,07156 Bayside Hill,Divorce,4/3/2009,mcasbolt8@thetimes.co.uk,(148) 8777553
Osgood Dericut,Male,53986 South Drive,Single,6/11/1967,odericut9@squarespace.com,(722) 2877761
Arlee Spohrmann,Female,1 Evergreen Crossing,Single,3/14/2004,aspohrmanna@blogspot.com,(931) 9352705
Kerstin Johnsson,Female,593 Valley Edge Court,Cohabiting,2/25/2004,kjohnssonb@mapy.cz,(410) 4505738
Timmi Tiuit,Female,3943 Brickson Park Trail,Married,6/2/1968,ttiuitc@apache.org,(880) 4232609
Ambrosi Dalyell,Male,9 Utah Pass,Single,8/13/2018,adalyelld@admin.ch,(520) 6895656
Sonja Laker,Female,9 Lerdahl Center,Annuled,5/5/1957,slakere@example.com,(874) 2196174
John Maskelyne,Male,0989 Clarendon Road,Divorce,9/3/2001,jmaskelynef@uol.com.br,(595) 9831498
Pris Elsby,Female,583 Duke Circle,Separated,9/29/1992,pelsbyg@squidoo.com,(273) 7966705
Myrlene Piggot,Female,48541 Mcbride Place,Divorce,8/13/1958,mpiggoth@addtoany.com,(728) 1025499
Devonne Epsley,Female,034 Ramsey Point,Cohabiting,7/25/1983,depsleyi@cmu.edu,(367) 7987154
Malorie Gutsell,Female,04128 Fuller Point,Divorce,10/6/2012,mgutsellj@wsj.com,(802) 6057958
Giraud Glacken,Male,22 Sundown Point,Not Specified,12/20/1997,gglackenk@apache.org,(393) 6071760
Zsazsa Hiscoe,Female,15618 Dunning Lane,Annuled,9/4/2000,zhiscoel@oakley.com,(853) 4040899
Diena Kohter,Female,972 Farragut Terrace,Separated,12/1/1979,dkohterm@wiley.com,(546) 7655798
Rriocard Meffan,Male,7220 Alpine Avenue,Single,8/17/1993,rmeffann@dyndns.org,(261) 2850786
Meaghan Paxton,Female,2 Shoshone Way,Divorce,11/24/1969,mpaxtono@blinklist.com,(812) 7363726
Aldus Mutter,Male,63 Birchwood Circle,Annuled,7/5/1969,amutterp@blog.com,(654) 4766620
Ramona Knellen,Female,6 Autumn Leaf Road,Widowed,7/2/1966,rknellenq@g.co,(972) 7110270
Wileen Mallabund,Female,27740 Jenifer Court,Married,11/30/2018,wmallabundr@zdnet.com,(977) 5424059
Ulrikaumeko Rebichon,Female,17808 Bluejay Terrace,Single,2/9/1992,urebichons@cbslocal.com,(260) 5435622
Artemis Weekly,Male,8 Hanover Hill,Married,9/1/1980,aweeklyt@elegantthemes.com,(795) 8061435
Bellanca Beautyman,Female,90 Raven Street,Cohabiting,8/12/1984,bbeautymanu@privacy.gov.au,(284) 4116639
Mollie Kener,Female,62 Vera Avenue,Single,5/28/1996,mkenerv@arizona.edu,(598) 4939997
Meryl Dehmel,Male,4362 Boyd Trail,Separated,2/12/2000,mdehmelw@home.pl,(278) 7432381
Clary Purslow,Female,508 Mitchell Court,Not Specified,8/20/1999,cpurslowx@blogs.com,(144) 3791365
Nananne Cato,Female,01857 Meadow Valley Terrace,Annuled,4/6/1951,ncatoy@sakura.ne.jp,(631) 8904589
Addie Dods,Female,13065 Lukken Way,Annuled,1/26/2004,adodsz@boston.com,(486) 9465896
Nonna Hehnke,Female,7586 Barnett Hill,Single,2/9/1987,nhehnke10@ustream.tv,(459) 4210421
Claudius Proven,Male,07 Lyons Pass,Cohabiting,6/2/1972,cproven11@ow.ly,(970) 2445108
Tara Lum,Female,571 Mccormick Hill,Not Specified,4/13/1957,tlum12@umich.edu,(965) 7965392
Ginger Holyland,Female,943 Lukken Trail,Annuled,1/28/1984,gholyland13@nih.gov,(389) 4437828
Janeczka Olenchikov,Female,287 Messerschmidt Street,Not Specified,12/22/2000,jolenchikov14@jimdo.com,(565) 4294038
Constantina MacGuiness,Female,43 Ilene Avenue,Widowed,2/21/1973,cmacguiness15@blogtalkradio.com,(170) 8697330
Trish Fenck,Female,79 Barnett Crossing,Separated,10/30/1950,tfenck16@amazon.com,(271) 8275335
Mora Pettiford,Female,77966 Mccormick Terrace,Annuled,9/7/1950,mpettiford17@chicagotribune.com,(314) 5658878
Sabra Eaglen,Female,0969 Northfield Place,Divorce,6/16/1999,seaglen18@wordpress.com,(823) 6152668
Stirling McGourty,Male,76 Burrows Park,Divorce,7/5/1999,smcgourty19@macromedia.com,(997) 3965157
Phelia Casperri,Female,30269 Sloan Way,Cohabiting,8/2/1977,pcasperri1a@surveymonkey.com,(799) 4416548
Fredericka Ladbrooke,Female,6 Onsgard Plaza,Single,3/15/2006,fladbrooke1b@google.ru,(817) 1031117
Si Ilden,Male,29 Grasskamp Alley,Separated,3/6/2016,silden1c@eventbrite.com,(620) 9180963
Flo Edger,Female,72162 Glendale Plaza,Annuled,3/2/1999,fedger1d@bizjournals.com,(418) 9125697
Dorice Fynn,Female,431 Hollow Ridge Pass,Separated,9/21/2005,dfynn1e@privacy.gov.au,(900) 8924994
Forrest Kunz,Male,898 Bultman Point,Cohabiting,10/7/2003,fkunz1f@naver.com,(390) 3982583
Alphonse Haveline,Male,4345 Sugar Avenue,Widowed,5/13/2017,ahaveline1g@timesonline.co.uk,(190) 1145501
Kristan Rubenczyk,Female,410 Boyd Pass,Separated,12/24/1979,krubenczyk1h@economist.com,(206) 7417474
Corella Fance,Female,07 Buhler Avenue,Cohabiting,5/20/2015,cfance1i@answers.com,(118) 7286936
Franciskus Munsey,Male,21392 Main Place,Annuled,5/10/1997,fmunsey1j@nymag.com,(958) 8022803
Alard Pinock,Male,79397 Farmco Drive,Divorce,9/21/1971,apinock1k@cargocollective.com,(538) 4078535
Claudetta Norridge,Female,8787 Bartelt Avenue,Single,11/7/2000,cnorridge1l@ucsd.edu,(376) 3306307
Camala Gwinn,Female,6 Atwood Crossing,Cohabiting,1/6/2012,cgwinn1m@ed.gov,(429) 4216212
Lawry Sweetenham,Male,830 Dryden Road,Divorce,12/3/2003,lsweetenham1n@hostgator.com,(242) 4939588
Daisi Licari,Female,46284 Morning Way,Cohabiting,12/11/1953,dlicari1o@printfriendly.com,(291) 5961504
Terrijo Boutwell,Female,21 Kropf Trail,Divorce,2/9/2000,tboutwell1p@wikipedia.org,(278) 3540683
Lonnie Rule,Male,8908 Manufacturers Avenue,Cohabiting,3/14/1963,lrule1q@nhs.uk,(721) 4056331
Dollie Treswell,Female,8 Service Park,Married,8/15/2007,dtreswell1r@jalbum.net,(506) 9928432
Rickard Sier,Male,5 Evergreen Trail,Cohabiting,2/24/1976,rsier1s@com.com,(805) 5410574
Rolf Wateridge,Male,5 Cambridge Avenue,Separated,7/16/1978,rwateridge1t@businessinsider.com,(570) 8238900
Cris Redding,Male,88657 Shelley Park,Widowed,4/25/1992,credding1u@gizmodo.com,(752) 4799506
Graeme Aimer,Male,5416 Towne Center,Separated,7/30/1999,gaimer1v@drupal.org,(106) 4342358
Gil Bicker,Male,2359 Express Hill,Divorce,6/5/1954,gbicker1w@statcounter.com,(481) 5610926
Livvyy Kimblin,Female,727 Kipling Parkway,Married,2/23/2018,lkimblin1x@ebay.co.uk,(657) 1217187
Collin Dent,Male,01 Meadow Valley Point,Cohabiting,8/30/2015,cdent1y@cafepress.com,(826) 4867576
Abram McGarry,Male,65 Division Road,Separated,9/8/2019,amcgarry1z@ted.com,(571) 3755088
Lennard MacNess,Male,66 Ilene Circle,Annuled,2/16/1987,lmacness20@newsvine.com,(663) 2750784
Herminia Tripney,Female,25 Bashford Court,Cohabiting,12/11/2014,htripney21@ox.ac.uk,(641) 9199764
Gwyn Hamlet,Female,975 Dapin Pass,Not Specified,6/17/2014,ghamlet22@soup.io,(596) 3622286
Shirlene Garrow,Female,964 Blaine Drive,Married,6/1/1984,sgarrow23@tmall.com,(531) 1252165
Whitaker Leamy,Male,4998 Delaware Drive,Separated,12/5/1972,wleamy24@bbb.org,(278) 2560926
Mickey Southerill,Male,4984 Mariners Cove Road,Not Specified,9/21/1999,msoutherill25@timesonline.co.uk,(624) 5855690
Hendrick Clemits,Male,5039 Arizona Plaza,Married,10/16/2015,hclemits26@discovery.com,(451) 6362353
Benito Ibanez,Male,64233 American Ash Trail,Single,4/18/1974,bibanez27@shutterfly.com,(872) 9942238
Margarette Hazelhurst,Female,11138 Prentice Junction,Annuled,3/13/1990,mhazelhurst28@ifeng.com,(986) 1108931
Ardith Harmon,Female,65230 Park Meadow Lane,Divorce,11/23/2003,aharmon29@icq.com,(844) 8078653
Madge Growcock,Female,45 Debra Road,Cohabiting,11/27/1958,mgrowcock2a@ycombinator.com,(626) 7912595
Gaelan Bennit,Male,0 Lakeland Parkway,Cohabiting,11/3/1989,gbennit2b@icq.com,(578) 9228505
Marcelline Missen,Female,05585 Fairview Avenue,Cohabiting,1/14/1954,mmissen2c@typepad.com,(588) 2660699
Duffy Wildor,Male,3 Butterfield Way,Widowed,1/5/1982,dwildor2d@bandcamp.com,(279) 1914219
Suellen Rosoman,Female,4 Holy Cross Court,Single,11/17/1999,srosoman2e@angelfire.com,(446) 7342846
Kara Camsey,Female,95 Cottonwood Place,Annuled,4/2/1979,kcamsey2f@reddit.com,(658) 9378683
Danya Broune,Female,9 Garrison Terrace,Widowed,8/10/1985,dbroune2g@gnu.org,(833) 2077873
Lilli Gaythorpe,Female,92 Schurz Street,Annuled,7/28/1986,lgaythorpe2h@livejournal.com,(342) 5182688
Karl Giddens,Male,4872 Larry Road,Cohabiting,7/18/2005,kgiddens2i@multiply.com,(378) 3684936
Stafford Twaite,Male,940 Banding Street,Single,2/14/1992,stwaite2j@ehow.com,(256) 5640990
Marshal Guerrier,Male,70598 Summit Junction,Divorce,3/11/2005,mguerrier2k@slideshare.net,(486) 8222102
Gwennie Huyche,Female,165 Commercial Drive,Divorce,3/4/1955,ghuyche2l@discovery.com,(359) 5355748
Bartel Boken,Male,579 Elka Way,Divorce,11/9/1979,bboken2m@foxnews.com,(868) 7265475
Trenna McQuillin,Female,243 Merchant Center,Married,11/7/2018,tmcquillin2n@ebay.co.uk,(644) 2485812
Winfield Orriss,Male,680 Bartelt Drive,Widowed,11/26/1955,worriss2o@weather.com,(853) 6063555
Augusta Yurkov,Female,41 South Point,Single,3/7/1981,ayurkov2p@joomla.org,(472) 2774224
Frieda Lesper,Female,290 Northport Court,Annuled,9/22/1970,flesper2q@google.fr,(245) 6146719
Darrell Hambleton,Male,02 Northport Pass,Widowed,2/13/2013,dhambleton2r@liveinternet.ru,(276) 7266336
